Antique,109
Ash,110
Auburn,111
Beach,112
Beige,113
Buff,114
Butter,115
Cameo,116
Canvas,117
Caramel,118
Chalk,119
Chocolate,120
Clear,121
Cloud,122
Coal,123
Cocoa,124
Copper,125
Cotton,126
Cream,127
Dune,128
Earth,129
Espresso,130
Fawn,131
Flax,132
Fog,133
Glacier,134
Hazel,135
Ice,136
Khaki,137
Latte,138
Lava,139
Manilla,140
Marble,141
Mesa,142
Midnight,143
Milk,144
Misty,145
Mocha,146
Natural,147
Newport,148
Olive,149
Opal,150
Pearl,151
Pewter,152
Prairie,153
Pudding,154
Roast,155
Rust,156
Sand,157
Satin,158
Shale,159
Slate,160
Smoke,161
Snow,162
Sonora,163
Stone,164
Thunder,165
Toffee,166
Toscana,167
Umber,168
Vanilla,169
Willow,170
Winter,171